INSERT INTO `ims`.`customers` (`first_name`, `surname`) VALUES ('jordan', 'harrison');
INSERT INTO `ims`.`customers` (`first_name`, `surname`) VALUES ('james', 'dickinson');
INSERT INTO `ims`.`customers` (`first_name`, `surname`) VALUES ('ryan', 'glossop');
INSERT INTO `ims`.`customers` (`first_name`, `surname`) VALUES ('dave', 'davidson');
INSERT INTO `ims`.`customers` (`first_name`, `surname`) VALUES ('jimmy', 'mcjimson');
INSERT INTO `ims`.`customers` (`first_name`, `surname`) VALUES ('craig', 'taylor');
INSERT INTO `ims`.`customers` (`first_name`, `surname`) VALUES ('john', 'johnson');
INSERT INTO `ims`.`customers` (`first_name`, `surname`) VALUES ('rory', 'mcrory');
INSERT INTO `ims`.`customers` (`first_name`, `surname`) VALUES ('phil', 'jupitus');
INSERT INTO `ims`.`customers` (`first_name`, `surname`) VALUES ('chris', 'bacon');

INSERT INTO `ims`.`items` (`name`, `value`) VALUES ('Borat', 15.50);
INSERT INTO `ims`.`items` (`name`, `value`) VALUES ('Borat Subsequent Moviefilm', 20.00);
INSERT INTO `ims`.`items` (`name`, `value`) VALUES ('Avengers Endgame', 30.00);
INSERT INTO `ims`.`items` (`name`, `value`) VALUES ('Avatar', 10.99);
INSERT INTO `ims`.`items` (`name`, `value`) VALUES ('Minecraft', 15.00);
INSERT INTO `ims`.`items` (`name`, `value`) VALUES ('Beat Saber', 9.99);
INSERT INTO `ims`.`items` (`name`, `value`) VALUES ('Wacky waving inflatable arm flailing tube man', 3.99);
INSERT INTO `ims`.`items` (`name`, `value`) VALUES ('League Of Legends', 15.00);
INSERT INTO `ims`.`items` (`name`, `value`) VALUES ('Coffee Machine', 20.00);
INSERT INTO `ims`.`items` (`name`, `value`) VALUES ('Coffee Machine pots', 5.00);
INSERT INTO `ims`.`items` (`name`, `value`) VALUES ('Cheese', 2);

INSERT INTO `ims`.`orders` (`cust_id`) VALUES (4);
INSERT INTO `ims`.`orders` (`cust_id`) VALUES (5);
INSERT INTO `ims`.`orders` (`cust_id`) VALUES (6);
INSERT INTO `ims`.`orders` (`cust_id`) VALUES (7);
INSERT INTO `ims`.`orders` (`cust_id`) VALUES (8);
INSERT INTO `ims`.`orders` (`cust_id`) VALUES (9);
INSERT INTO `ims`.`orders` (`cust_id`) VALUES (10);
INSERT INTO `ims`.`orders` (`cust_id`) VALUES (3);
INSERT INTO `ims`.`orders` (`cust_id`) VALUES (2);
INSERT INTO `ims`.`orders` (`cust_id`) VALUES (1);

INSERT INTO `ims`.`order_items` (`order_id`, `item_id`, `quantity`) VALUES (1, 1, 1);
INSERT INTO `ims`.`order_items` (`order_id`, `item_id`, `quantity`) VALUES (1, 2, 1);
INSERT INTO `ims`.`order_items` (`order_id`, `item_id`, `quantity`) VALUES (2, 3, 1);
INSERT INTO `ims`.`order_items` (`order_id`, `item_id`, `quantity`) VALUES (2, 4, 1);
INSERT INTO `ims`.`order_items` (`order_id`, `item_id`, `quantity`) VALUES (3, 7, 2);
INSERT INTO `ims`.`order_items` (`order_id`, `item_id`, `quantity`) VALUES (4, 5, 1);
INSERT INTO `ims`.`order_items` (`order_id`, `item_id`, `quantity`) VALUES (4, 6, 1);
INSERT INTO `ims`.`order_items` (`order_id`, `item_id`, `quantity`) VALUES (4, 8, 1);
INSERT INTO `ims`.`order_items` (`order_id`, `item_id`, `quantity`) VALUES (5, 8, 1);
INSERT INTO `ims`.`order_items` (`order_id`, `item_id`, `quantity`) VALUES (5, 9, 4);
INSERT INTO `ims`.`order_items` (`order_id`, `item_id`, `quantity`) VALUES (6, 10, 2);
INSERT INTO `ims`.`order_items` (`order_id`, `item_id`, `quantity`) VALUES (7, 2, 1);
INSERT INTO `ims`.`order_items` (`order_id`, `item_id`, `quantity`) VALUES (8, 8, 2);
INSERT INTO `ims`.`order_items` (`order_id`, `item_id`, `quantity`) VALUES (8, 9, 10);
INSERT INTO `ims`.`order_items` (`order_id`, `item_id`, `quantity`) VALUES (9, 7, 1);
INSERT INTO `ims`.`order_items` (`order_id`, `item_id`, `quantity`) VALUES (10, 5, 3);